"LEGO Masters","Familial, Reality","Recherche par Nom",06/05/2021,14:36:40
"Le Prince de Bel-Air","Comédie, Familial, Drame","Recherche par Nom",06/05/2021,14:38:26
"1 Rue Sesame","Kids, Comédie","Recherche Aléatoire",06/05/2021,15:06:53
S.W.A.T.,"Action & Aventure, Crime, Drame","Recherche par Nom",06/05/2021,16:52:24
"Corleone : le parrain des parrains",Documentaire,"Recherche par Nom",06/05/2021,16:53:11
"Steven Universe","Animation, Comédie, Action & Aventure, Familial, Science-Fiction & Fantastique","Recherche Aléatoire",06/05/2021,16:54:04
"La maison de Mickey","Kids, Familial, Animation","Recherche Aléatoire",06/05/2021,16:54:12
"LEGO Masters","Familial, Reality","Recherche par Nom",06/05/2021,14:36:40
"Le Prince de Bel-Air","Comédie, Familial, Drame","Recherche par Nom",06/05/2021,14:38:26
"1 Rue Sesame","Kids, Comédie","Recherche Aléatoire",06/05/2021,15:06:53
S.W.A.T.,"Action & Aventure, Crime, Drame","Recherche par Nom",06/05/2021,16:52:24
"Corleone : le parrain des parrains",Documentaire,"Recherche par Nom",06/05/2021,16:53:11
"Steven Universe","Animation, Comédie, Action & Aventure, Familial, Science-Fiction & Fantastique","Recherche Aléatoire",06/05/2021,16:54:04
"La maison de Mickey","Kids, Familial, Animation","Recherche par Saison",06/05/2021,16:54:12
"Game of Thrones","Science-Fiction & Fantastique, Drame, Action & Aventure","Recherche par Nom",06/05/2021,18:52:12
S.W.A.T.,"Action & Aventure, Crime, Drame","Recherche par Nom",07/05/2021,12:34:15
S.W.A.T.,"Action & Aventure, Crime, Drame","Recherche par Nom",07/05/2021,12:34:15
S.W.A.T.,"Action & Aventure, Crime, Drame","Recherche par Nom",07/05/2021,12:34:15
S.W.A.T.,"Action & Aventure, Crime, Drame","Recherche par Nom",07/05/2021,12:34:15
S.W.A.T.,"Action & Aventure, Crime, Drame","Recherche par Nom",07/05/2021,12:34:15
S.W.A.T.,"Action & Aventure, Crime, Drame","Recherche par Nom",07/05/2021,12:34:15
S.W.A.T.,"Action & Aventure, Crime, Drame","Recherche par Nom",07/05/2021,12:34:15
S.W.A.T.,"Action & Aventure, Crime, Drame","Recherche par Nom",07/05/2021,12:34:15
S.W.A.T.,"Action & Aventure, Crime, Drame","Recherche par Nom",07/05/2021,12:34:15
S.W.A.T.,"Action & Aventure, Crime, Drame","Recherche par Nom",07/05/2021,12:34:15
"Steven Universe","Animation, Comédie, Action & Aventure, Familial, Science-Fiction & Fantastique","Recherche Aléatoire",06/05/2021,16:54:04
"Steven Universe","Animation, Comédie, Action & Aventure, Familial, Science-Fiction & Fantastique","Recherche Aléatoire",06/05/2021,16:54:04
"Steven Universe","Animation, Comédie, Action & Aventure, Familial, Science-Fiction & Fantastique","Recherche Aléatoire",06/05/2021,16:54:04
"Steven Universe","Animation, Comédie, Action & Aventure, Familial, Science-Fiction & Fantastique","Recherche Aléatoire",06/05/2021,16:54:04
"Steven Universe","Animation, Comédie, Action & Aventure, Familial, Science-Fiction & Fantastique","Recherche Aléatoire",06/05/2021,16:54:04
"Steven Universe","Animation, Comédie, Action & Aventure, Familial, Science-Fiction & Fantastique","Recherche Aléatoire",06/05/2021,16:54:04
"Steven Universe","Animation, Comédie, Action & Aventure, Familial, Science-Fiction & Fantastique","Recherche Aléatoire",06/05/2021,16:54:04
"Steven Universe","Animation, Comédie, Action & Aventure, Familial, Science-Fiction & Fantastique","Recherche Aléatoire",06/05/2021,16:54:04
"Steven Universe","Animation, Comédie, Action & Aventure, Familial, Science-Fiction & Fantastique","Recherche Aléatoire",06/05/2021,16:54:04
"Steven Universe","Animation, Comédie, Action & Aventure, Familial, Science-Fiction & Fantastique","Recherche Aléatoire",06/05/2021,16:54:04
"Steven Universe","Animation, Comédie, Action & Aventure, Familial, Science-Fiction & Fantastique","Recherche Aléatoire",06/05/2021,16:54:04
"Steven Universe","Animation, Comédie, Action & Aventure, Familial, Science-Fiction & Fantastique","Recherche Aléatoire",06/05/2021,16:54:04
"Steven Universe","Animation, Comédie, Action & Aventure, Familial, Science-Fiction & Fantastique","Recherche Aléatoire",06/05/2021,16:54:04
S.W.A.T.,"Action & Aventure, Crime, Drame","Recherche par Nom",07/05/2021,14:36:43
"Game of Thrones","Science-Fiction & Fantastique, Drame, Action & Aventure","Recherche par Nom",07/05/2021,14:37:01
"Game of Thrones","Science-Fiction & Fantastique, Drame, Action & Aventure","Recherche par Nom",07/05/2021,14:39:14
"Game of Thrones","Science-Fiction & Fantastique, Drame, Action & Aventure","Recherche par Nom",07/05/2021,14:41:20
"Game of Thrones","Science-Fiction & Fantastique, Drame, Action & Aventure","Recherche par Nom",07/05/2021,14:42:03
"Game of Thrones","Science-Fiction & Fantastique, Drame, Action & Aventure","Recherche par Nom",07/05/2021,14:42:36
"Game of Thrones","Science-Fiction & Fantastique, Drame, Action & Aventure","Recherche par Nom",07/05/2021,14:42:47
"Game of Thrones","Science-Fiction & Fantastique, Drame, Action & Aventure","Recherche par Nom",07/05/2021,14:48:12
"Game of Thrones","Science-Fiction & Fantastique, Drame, Action & Aventure","Recherche par Nom",07/05/2021,14:48:47
"Game of Thrones","Science-Fiction & Fantastique, Drame, Action & Aventure","Recherche par Nom",07/05/2021,14:50:55
"Game of Thrones","Science-Fiction & Fantastique, Drame, Action & Aventure","Recherche par Nom",07/05/2021,14:51:30
"Game of Thrones","Science-Fiction & Fantastique, Drame, Action & Aventure","Recherche par Nom",07/05/2021,14:53:34
"Game of Thrones","Science-Fiction & Fantastique, Drame, Action & Aventure","Recherche par Nom",07/05/2021,14:55:15
"Game of Thrones","Science-Fiction & Fantastique, Drame, Action & Aventure","Recherche par Nom",07/05/2021,14:55:24
"Game of Thrones","Science-Fiction & Fantastique, Drame, Action & Aventure","Recherche par Nom",07/05/2021,14:55:35
"Game of Thrones","Science-Fiction & Fantastique, Drame, Action & Aventure","Recherche par Nom",07/05/2021,14:55:47
"Game of Thrones","Science-Fiction & Fantastique, Drame, Action & Aventure","Recherche par Nom",07/05/2021,14:56:31
"Game of Thrones","Science-Fiction & Fantastique, Drame, Action & Aventure","Recherche par Nom",07/05/2021,14:57:16
"Game of Thrones","Science-Fiction & Fantastique, Drame, Action & Aventure","Recherche par Nom",07/05/2021,14:58:05
"Game of Thrones","Science-Fiction & Fantastique, Drame, Action & Aventure","Recherche par Nom",07/05/2021,14:58:19
"Game of Thrones","Science-Fiction & Fantastique, Drame, Action & Aventure","Recherche par Nom",07/05/2021,15:00:11
"Game of Thrones","Science-Fiction & Fantastique, Drame, Action & Aventure","Recherche par Nom",07/05/2021,15:00:16
"Game of Thrones","Science-Fiction & Fantastique, Drame, Action & Aventure","Recherche par Nom",07/05/2021,15:00:26
"Game of Thrones","Science-Fiction & Fantastique, Drame, Action & Aventure","Recherche par Nom",07/05/2021,15:00:45
"Game of Thrones","Science-Fiction & Fantastique, Drame, Action & Aventure","Recherche par Nom",07/05/2021,15:01:16
"Game of Thrones","Science-Fiction & Fantastique, Drame, Action & Aventure","Recherche par Nom",07/05/2021,15:01:25
"Game of Thrones","Science-Fiction & Fantastique, Drame, Action & Aventure","Recherche par Nom",07/05/2021,15:01:44
"Star Wars : The Bad Batch","Science-Fiction & Fantastique, Action & Aventure, Animation","Recherche par Nom",07/05/2021,15:01:55
"Star Wars : The Bad Batch","Science-Fiction & Fantastique, Action & Aventure, Animation","Recherche par Nom",07/05/2021,15:03:43
"Star Wars : The Bad Batch","Science-Fiction & Fantastique, Action & Aventure, Animation","Recherche par Nom",07/05/2021,15:04:59
"Star Wars : The Bad Batch","Science-Fiction & Fantastique, Action & Aventure, Animation","Recherche par Nom",07/05/2021,15:05:15
"Star Wars : The Bad Batch","Science-Fiction & Fantastique, Action & Aventure, Animation","Recherche par Nom",07/05/2021,15:05:34
"Star Wars : The Bad Batch","Science-Fiction & Fantastique, Action & Aventure, Animation","Recherche par Nom",07/05/2021,15:05:46
"Jupiter's Legacy","Science-Fiction & Fantastique, Action & Aventure, Drame","Recherche par Nom",07/05/2021,15:06:03
"Selena : La série",Drame,"Recherche par Nom",07/05/2021,15:06:10
"Falcon et le Soldat de l'hiver","Science-Fiction & Fantastique, Action & Aventure, Drame, War & Politics","Recherche par Nom",07/05/2021,15:06:55
"Shadow and Bone : La saga Grisha","Science-Fiction & Fantastique","Recherche par Nom",07/05/2021,15:07:03
"Grey's Anatomy",Drame,"Recherche par Nom",07/05/2021,15:07:17
"Grey's Anatomy",Drame,"Recherche par Nom",07/05/2021,15:08:35
"Jupiter's Legacy","Science-Fiction & Fantastique, Action & Aventure, Drame","Recherche par Nom",07/05/2021,15:08:38
"Star Wars : The Bad Batch","Science-Fiction & Fantastique, Action & Aventure, Animation","Recherche par Nom",07/05/2021,15:09:16
"Shadow and Bone : La saga Grisha","Science-Fiction & Fantastique","Recherche par Nom",07/05/2021,15:12:01
"Shadow and Bone : La saga Grisha","Science-Fiction & Fantastique","Recherche par Nom",07/05/2021,15:15:34
"Game of Thrones","Science-Fiction & Fantastique, Drame, Action & Aventure","Recherche par Nom",07/05/2021,16:19:57
"Cobra Kai","Action & Aventure, Drame","Recherche Aléatoire",07/05/2021,18:31:55
"Cobra Kai","Action & Aventure, Drame","Recherche Aléatoire",07/05/2021,18:43:40
"Falcon et le Soldat de l'hiver","Science-Fiction & Fantastique, Action & Aventure, Drame, War & Politics","Recherche Aléatoire",07/05/2021,18:43:46
"Game of Thrones","Science-Fiction & Fantastique, Drame, Action & Aventure","Recherche par Nom",08/05/2021,14:11:40
"Falcon et le Soldat de l'hiver","Science-Fiction & Fantastique, Action & Aventure, Drame, War & Politics","Recherche par Nom",08/05/2021,14:11:52
"Game of Thrones","Science-Fiction & Fantastique, Drame, Action & Aventure","Recherche par Nom",08/05/2021,16:06:09
"Game of Thrones","Science-Fiction & Fantastique, Drame, Action & Aventure","Recherche par Nom",07/05/2021,14:37:01
"Game of Thrones","Science-Fiction & Fantastique, Drame, Action & Aventure","Recherche par Nom",07/05/2021,14:39:14
"Game of Thrones","Science-Fiction & Fantastique, Drame, Action & Aventure","Recherche par Nom",07/05/2021,14:41:20
"Game of Thrones","Science-Fiction & Fantastique, Drame, Action & Aventure","Recherche par Nom",07/05/2021,14:42:03
"Game of Thrones","Science-Fiction & Fantastique, Drame, Action & Aventure","Recherche par Nom",07/05/2021,14:42:36
"Game of Thrones","Science-Fiction & Fantastique, Drame, Action & Aventure","Recherche par Nom",07/05/2021,14:42:47
"Game of Thrones","Science-Fiction & Fantastique, Drame, Action & Aventure","Recherche par Nom",07/05/2021,14:48:12
"Game of Thrones","Science-Fiction & Fantastique, Drame, Action & Aventure","Recherche par Nom",07/05/2021,14:48:47
"Game of Thrones","Science-Fiction & Fantastique, Drame, Action & Aventure","Recherche par Nom",07/05/2021,14:50:55
"Game of Thrones","Science-Fiction & Fantastique, Drame, Action & Aventure","Recherche par Nom",07/05/2021,14:51:30
"Game of Thrones","Science-Fiction & Fantastique, Drame, Action & Aventure","Recherche par Nom",07/05/2021,14:53:34
"Game of Thrones","Science-Fiction & Fantastique, Drame, Action & Aventure","Recherche par Nom",07/05/2021,14:55:15
"Game of Thrones","Science-Fiction & Fantastique, Drame, Action & Aventure","Recherche par Nom",07/05/2021,14:55:24
"Game of Thrones","Science-Fiction & Fantastique, Drame, Action & Aventure","Recherche par Nom",07/05/2021,14:55:35
"Game of Thrones","Science-Fiction & Fantastique, Drame, Action & Aventure","Recherche par Nom",07/05/2021,14:55:47
"Game of Thrones","Science-Fiction & Fantastique, Drame, Action & Aventure","Recherche par Nom",07/05/2021,14:56:31
"Game of Thrones","Science-Fiction & Fantastique, Drame, Action & Aventure","Recherche par Nom",07/05/2021,14:57:16
"Game of Thrones","Science-Fiction & Fantastique, Drame, Action & Aventure","Recherche par Nom",07/05/2021,14:58:05
"Game of Thrones","Science-Fiction & Fantastique, Drame, Action & Aventure","Recherche par Nom",07/05/2021,14:58:19
"Game of Thrones","Science-Fiction & Fantastique, Drame, Action & Aventure","Recherche par Nom",07/05/2021,15:00:11
"Game of Thrones","Science-Fiction & Fantastique, Drame, Action & Aventure","Recherche par Nom",07/05/2021,15:00:16
"Game of Thrones","Science-Fiction & Fantastique, Drame, Action & Aventure","Recherche par Nom",07/05/2021,15:00:26
"Game of Thrones","Science-Fiction & Fantastique, Drame, Action & Aventure","Recherche par Nom",07/05/2021,15:00:45
"Game of Thrones","Science-Fiction & Fantastique, Drame, Action & Aventure","Recherche par Nom",07/05/2021,15:01:16
"Game of Thrones","Science-Fiction & Fantastique, Drame, Action & Aventure","Recherche par Nom",07/05/2021,15:01:25
"Game of Thrones","Science-Fiction & Fantastique, Drame, Action & Aventure","Recherche par Nom",07/05/2021,15:01:44
"Game of Thrones","Science-Fiction & Fantastique, Drame, Action & Aventure","Recherche par Nom",07/05/2021,14:37:01
"Game of Thrones","Science-Fiction & Fantastique, Drame, Action & Aventure","Recherche par Nom",07/05/2021,14:39:14
"Game of Thrones","Science-Fiction & Fantastique, Drame, Action & Aventure","Recherche par Nom",07/05/2021,14:41:20
"Game of Thrones","Science-Fiction & Fantastique, Drame, Action & Aventure","Recherche par Nom",07/05/2021,14:42:03
"Game of Thrones","Science-Fiction & Fantastique, Drame, Action & Aventure","Recherche par Nom",07/05/2021,14:42:36
"Game of Thrones","Science-Fiction & Fantastique, Drame, Action & Aventure","Recherche par Nom",07/05/2021,14:42:47
"Game of Thrones","Science-Fiction & Fantastique, Drame, Action & Aventure","Recherche par Nom",07/05/2021,14:48:12
"Game of Thrones","Science-Fiction & Fantastique, Drame, Action & Aventure","Recherche par Nom",07/05/2021,14:48:47
"Game of Thrones","Science-Fiction & Fantastique, Drame, Action & Aventure","Recherche par Nom",07/05/2021,14:50:55
"Game of Thrones","Science-Fiction & Fantastique, Drame, Action & Aventure","Recherche par Nom",07/05/2021,14:51:30
"Game of Thrones","Science-Fiction & Fantastique, Drame, Action & Aventure","Recherche par Nom",07/05/2021,14:53:34
"Game of Thrones","Science-Fiction & Fantastique, Drame, Action & Aventure","Recherche par Nom",07/05/2021,14:55:15
"Game of Thrones","Science-Fiction & Fantastique, Drame, Action & Aventure","Recherche par Nom",07/05/2021,14:55:24
"Game of Thrones","Science-Fiction & Fantastique, Drame, Action & Aventure","Recherche par Nom",07/05/2021,14:55:35
"Game of Thrones","Science-Fiction & Fantastique, Drame, Action & Aventure","Recherche par Nom",07/05/2021,14:55:47
"Game of Thrones","Science-Fiction & Fantastique, Drame, Action & Aventure","Recherche par Nom",07/05/2021,14:56:31
"Game of Thrones","Science-Fiction & Fantastique, Drame, Action & Aventure","Recherche par Nom",07/05/2021,14:57:16
"Game of Thrones","Science-Fiction & Fantastique, Drame, Action & Aventure","Recherche par Nom",07/05/2021,14:58:05
"Game of Thrones","Science-Fiction & Fantastique, Drame, Action & Aventure","Recherche par Nom",07/05/2021,14:58:19
"Game of Thrones","Science-Fiction & Fantastique, Drame, Action & Aventure","Recherche par Nom",07/05/2021,15:00:11
"Game of Thrones","Science-Fiction & Fantastique, Drame, Action & Aventure","Recherche par Nom",07/05/2021,15:00:16
"Game of Thrones","Science-Fiction & Fantastique, Drame, Action & Aventure","Recherche par Nom",07/05/2021,15:00:26
"Game of Thrones","Science-Fiction & Fantastique, Drame, Action & Aventure","Recherche par Nom",07/05/2021,15:00:45
"Game of Thrones","Science-Fiction & Fantastique, Drame, Action & Aventure","Recherche par Nom",07/05/2021,15:01:16
"Game of Thrones","Science-Fiction & Fantastique, Drame, Action & Aventure","Recherche par Nom",07/05/2021,15:01:25
"Game of Thrones","Science-Fiction & Fantastique, Drame, Action & Aventure","Recherche par Nom",07/05/2021,15:01:44
