"Jumanji : Bienvenue dans la jungle","Action, Aventure, Comédie, Fantastique","Recherche par Nom",17/04/2021,14:53:20
"Green Lantern: Le Complot","Action, Aventure, Animation, Fantastique, Science-Fiction","Recherche Aléatoire",17/04/2021,15:16:39
Prédictions,"Action, Aventure, Drame, Mystère, Science-Fiction, Thriller","Recherche Aléatoire",17/04/2021,15:25:04
"Les Sorciers de Waverly Place, le film","Téléfilm, Aventure, Comédie, Drame, Familial, Fantastique, Science-Fiction","Recherche Aléatoire",17/04/2021,15:25:10
Watchmen,"Action, Mystère, Science-Fiction","Recherche Aléatoire",17/04/2021,15:35:34
"Monstres contre Aliens","Animation, Familial, Aventure, Science-Fiction","Recherche Aléatoire",17/04/2021,15:36:37
"Monstres contre Aliens","Animation, Familial, Aventure, Science-Fiction","Recherche Aléatoire",17/04/2021,15:36:58
"Les Sorciers de Waverly Place, le film","Téléfilm, Aventure, Comédie, Drame, Familial, Fantastique, Science-Fiction","Recherche Aléatoire",17/04/2021,15:38:58
Nobody,"Action, Thriller, Crime","Recherche par Nom",17/04/2021,15:51:10
Nobody,"Action, Thriller, Crime","Recherche par Nom",17/04/2021,15:53:33
"Godzilla vs. Kong","Action, Science-Fiction","Recherche par Nom",17/04/2021,17:49:44
"Dilwale Dulhania Le Jayenge","Comédie, Drame, Romance","Recherche par Nom",18/04/2021,14:31:06
"Zone hostile","Thriller, Action, Science-Fiction, Fantastique","Recherche Aléatoire",18/04/2021,15:49:57
"Gabriel's Inferno Part III","Romance, Comédie","Recherche par Nom",18/04/2021,16:15:17
"Harry Potter à l'école des sorciers","Aventure, Fantastique","Recherche par Nom",18/04/2021,16:18:03
"Harry Potter à l'école des sorciers","Aventure, Fantastique","Recherche par Nom",18/04/2021,16:18:10
"Harry Potter à l'école des sorciers","Aventure, Fantastique","Recherche par Nom",18/04/2021,16:18:14
"Harry Potter à l'école des sorciers","Aventure, Fantastique","Recherche par Nom",18/04/2021,16:20:18
"Harry Potter à l'école des sorciers","Aventure, Fantastique","Recherche par Nom",18/04/2021,16:20:26
"Harry Potter à l'école des sorciers","Aventure, Fantastique","Recherche par Nom",18/04/2021,16:21:45
"Harry Potter à l'école des sorciers","Aventure, Fantastique","Recherche par Nom",18/04/2021,16:21:52
"Harry Potter à l'école des sorciers","Aventure, Fantastique","Recherche par Nom",18/04/2021,16:26:38
"Harry Potter à l'école des sorciers","Aventure, Fantastique","Recherche par Nom",18/04/2021,16:26:58
"Harry Potter à l'école des sorciers","Aventure, Fantastique","Recherche par Nom",18/04/2021,16:27:12
"Harry Potter à l'école des sorciers","Aventure, Fantastique","Recherche par Nom",18/04/2021,16:27:22
"Harry Potter à l'école des sorciers","Aventure, Fantastique","Recherche par Nom",18/04/2021,16:34:41
"Harry Potter à l'école des sorciers","Aventure, Fantastique","Recherche par Nom",18/04/2021,16:36:47
"Harry Potter à l'école des sorciers","Aventure, Fantastique","Recherche par Nom",18/04/2021,16:39:57
"Harry Potter à l'école des sorciers","Aventure, Fantastique","Recherche par Nom",18/04/2021,16:49:56
"Harry Potter à l'école des sorciers","Aventure, Fantastique","Recherche par Nom",18/04/2021,16:52:55
"Harry Potter à l'école des sorciers","Aventure, Fantastique","Recherche par Nom",18/04/2021,16:53:14
"Le Parrain","Drame, Crime","Recherche par Nom",18/04/2021,17:56:26
"Batman: Soul of the Dragon","Animation, Action, Aventure, Crime, Fantastique","Recherche Aléatoire",18/04/2021,18:52:35
"Army of the Dead","Horreur, Action, Thriller","Recherche Aléatoire",18/04/2021,18:53:36
Nobody,"Action, Thriller, Crime","Recherche Aléatoire",18/04/2021,18:54:13
"Froid Mortel","Action, Crime, Thriller","Recherche Aléatoire",18/04/2021,18:54:27
"Zack Snyder's Justice League","Action, Aventure, Fantastique, Science-Fiction","Recherche Aléatoire",18/04/2021,18:54:28
"Godzilla vs. Kong","Action, Science-Fiction","Recherche par Nom",19/04/2021,15:02:35
"Godzilla vs. Kong","Action, Science-Fiction","Recherche par Nom",19/04/2021,15:04:06
"Godzilla vs. Kong","Action, Science-Fiction","Recherche par Nom",19/04/2021,15:04:31
"Godzilla vs. Kong","Action, Science-Fiction","Recherche par Nom",19/04/2021,15:06:18
"Godzilla vs. Kong","Action, Science-Fiction","Recherche par Nom",19/04/2021,15:06:34
"Godzilla vs. Kong","Action, Science-Fiction","Recherche par Nom",19/04/2021,15:06:57
"Godzilla vs. Kong","Action, Science-Fiction","Recherche par Nom",19/04/2021,15:07:19
"Godzilla vs. Kong","Action, Science-Fiction","Recherche par Nom",19/04/2021,15:08:12
"Godzilla vs. Kong","Action, Science-Fiction","Recherche par Nom",19/04/2021,15:08:43
"Godzilla vs. Kong","Action, Science-Fiction","Recherche par Nom",19/04/2021,15:08:53
"Godzilla vs. Kong","Action, Science-Fiction","Recherche par Nom",19/04/2021,15:09:18
"Godzilla vs. Kong","Action, Science-Fiction","Recherche par Nom",19/04/2021,15:09:33
"Godzilla vs. Kong","Action, Science-Fiction","Recherche par Nom",19/04/2021,15:10:01
"Godzilla vs. Kong","Action, Science-Fiction","Recherche par Nom",19/04/2021,15:10:20
"Godzilla vs. Kong","Action, Science-Fiction","Recherche par Nom",19/04/2021,15:11:01
"Godzilla vs. Kong","Action, Science-Fiction","Recherche par Nom",19/04/2021,15:11:15
"Godzilla vs. Kong","Action, Science-Fiction","Recherche par Nom",19/04/2021,15:12:31
"Godzilla vs. Kong","Action, Science-Fiction","Recherche par Nom",19/04/2021,15:15:55
"Godzilla vs. Kong","Action, Science-Fiction","Recherche par Nom",19/04/2021,15:16:08
"Godzilla vs. Kong","Action, Science-Fiction","Recherche par Nom",19/04/2021,15:16:12
"Godzilla vs. Kong","Action, Science-Fiction","Recherche par Nom",19/04/2021,15:17:20
"Godzilla vs. Kong","Action, Science-Fiction","Recherche par Nom",19/04/2021,15:17:28
"Godzilla vs. Kong","Action, Science-Fiction","Recherche par Nom",19/04/2021,15:29:56
"Raya et le dernier dragon","Animation, Aventure, Fantastique, Familial, Action","Recherche par Nom",19/04/2021,17:04:03
"Raya et le dernier dragon","Animation, Aventure, Fantastique, Familial, Action","Recherche par Nom",19/04/2021,17:05:39
"Raya et le dernier dragon","Animation, Aventure, Fantastique, Familial, Action","Recherche par Nom",19/04/2021,17:06:03
"Raya et le dernier dragon","Animation, Aventure, Fantastique, Familial, Action","Recherche par Nom",19/04/2021,17:06:20
"Raya et le dernier dragon","Animation, Aventure, Fantastique, Familial, Action","Recherche par Nom",19/04/2021,17:06:38
"Raya et le dernier dragon","Animation, Aventure, Fantastique, Familial, Action","Recherche par Nom",19/04/2021,17:07:00
"Raya et le dernier dragon","Animation, Aventure, Fantastique, Familial, Action","Recherche par Nom",19/04/2021,17:08:04
"Harry Potter à l'école des sorciers","Aventure, Fantastique","Recherche par Nom",22/04/2021,14:09:45
"Harry Potter à l'école des sorciers","Aventure, Fantastique","Recherche par Nom",22/04/2021,14:09:53
"Le Monde de Nemo","Animation, Familial","Recherche par ID",22/04/2021,14:10:05
"Le Monde de Nemo","Animation, Familial","Recherche par ID",22/04/2021,14:10:13
"New Gods : Nezha Reborn","Animation, Action, Fantastique","Recherche Aléatoire",22/04/2021,14:10:43
"Chaos Walking","Science-Fiction, Action, Aventure, Thriller","Recherche Aléatoire",22/04/2021,14:10:48
"Evangelion: 3.0+1.0","Animation, Action, Drame, Science-Fiction","Recherche Aléatoire",22/04/2021,14:13:25
"Gabriel's Inferno",Romance,"Recherche par Nom",22/04/2021,15:23:27
"Gabriel's Inferno",Romance,"Recherche par Nom",22/04/2021,15:23:36
"Harry Potter à l'école des sorciers","Aventure, Fantastique","Recherche par Nom",22/04/2021,18:14:13
"Harry Potter et le Prince de sang-mêlé","Aventure, Fantastique","Recherche par Nom",23/04/2021,18:16:51
"Le Passager nº4","Drame, Science-Fiction, Thriller","Recherche par Nom",24/04/2021,15:13:14
"Le Passager nº4","Drame, Science-Fiction, Thriller","Recherche par Nom",24/04/2021,15:14:52
"Le Passager nº4","Drame, Science-Fiction, Thriller","Recherche par Nom",24/04/2021,15:14:59
"Le Passager nº4","Drame, Science-Fiction, Thriller","Recherche par Nom",25/04/2021,17:44:06
"Le Passager nº4","Drame, Science-Fiction, Thriller","Recherche par Nom",25/04/2021,17:48:10
"Harry Potter à l'école des sorciers","Aventure, Fantastique","Recherche par Nom",25/04/2021,17:52:09
"Harry Potter à l'école des sorciers","Aventure, Fantastique","Recherche par Nom",27/04/2021,13:18:25
"Harry Potter à l'école des sorciers","Aventure, Fantastique","Recherche par Nom",27/04/2021,14:33:24
"Harry Potter à l'école des sorciers","Aventure, Fantastique","Recherche par Nom",27/04/2021,14:36:19
"Harry Potter à l'école des sorciers","Aventure, Fantastique","Recherche par Nom",27/04/2021,14:37:12
"Harry Potter à l'école des sorciers","Aventure, Fantastique","Recherche par Nom",27/04/2021,14:37:46
"Harry Potter à l'école des sorciers","Aventure, Fantastique","Recherche par Nom",27/04/2021,14:38:11
"Harry Potter à l'école des sorciers","Aventure, Fantastique","Recherche par Nom",27/04/2021,14:39:01
"Harry Potter à l'école des sorciers","Aventure, Fantastique","Recherche par Nom",27/04/2021,14:40:42
"Harry Potter à l'école des sorciers","Aventure, Fantastique","Recherche par Nom",27/04/2021,14:40:46
"Harry Potter à l'école des sorciers","Aventure, Fantastique","Recherche par Nom",27/04/2021,14:41:29
"Harry Potter à l'école des sorciers","Aventure, Fantastique","Recherche par Nom",27/04/2021,14:42:18
"Harry Potter à l'école des sorciers","Aventure, Fantastique","Recherche par Nom",27/04/2021,14:42:44
"M. Peabody et Sherman : Les voyages dans le temps","Animation, Aventure, Familial","Recherche par Nom",28/04/2021,13:12:02
"M. Peabody et Sherman : Les voyages dans le temps","Animation, Aventure, Familial","Recherche par Nom",28/04/2021,13:15:17
"Harry Potter and the Philosopher's Stone","Aventure, Fantastique","Recherche par Nom",28/04/2021,13:15:27
"Harry Potter et la Chambre des secrets","Aventure, Fantastique","Recherche par Nom",28/04/2021,13:15:35
"Godzilla vs. Kong","Science-Fiction, Action","Recherche par Nom",28/04/2021,18:01:15
"Gabriel's Inferno",Romance,"Recherche par Nom",29/04/2021,13:38:36
"Mortal Kombat","Fantastique, Action, Aventure, Science-Fiction, Thriller","Recherche par Nom",29/04/2021,13:41:23
"Mortal Kombat","Fantastique, Action, Aventure, Science-Fiction, Thriller","Recherche par Nom",29/04/2021,13:42:23
"Harry Potter à l'école des sorciers","Aventure, Fantastique","Recherche par Nom",30/04/2021,16:56:33
"Harry Potter à l'école des sorciers","Aventure, Fantastique","Recherche par Nom",30/04/2021,16:58:24
"Harry Potter à l'école des sorciers","Aventure, Fantastique","Recherche par Nom",30/04/2021,16:59:35
"Harry Potter à l'école des sorciers","Aventure, Fantastique","Recherche par Nom",30/04/2021,16:59:56
"Harry Potter à l'école des sorciers","Aventure, Fantastique","Recherche par Nom",30/04/2021,17:01:07
"Harry Potter à l'école des sorciers","Aventure, Fantastique","Recherche par Nom",30/04/2021,17:01:24
"Harry Potter à l'école des sorciers","Aventure, Fantastique","Recherche par Nom",30/04/2021,17:03:19
"Harry Potter à l'école des sorciers","Aventure, Fantastique","Recherche par Nom",30/04/2021,17:03:28
"Harry Potter à l'école des sorciers","Aventure, Fantastique","Recherche par Nom",30/04/2021,17:03:34
"Harry Potter à l'école des sorciers","Aventure, Fantastique","Recherche par Nom",30/04/2021,17:04:13
"Raya et le dernier dragon","Animation, Aventure, Fantastique, Familial, Action","Recherche par Nom",01/05/2021,13:19:30
"Harry Potter à l'école des sorciers","Aventure, Fantastique","Recherche par Nom",02/05/2021,15:59:53
Voyagers,"Science-Fiction, Romance, Thriller","Recherche par Nom",04/05/2021,13:56:44
"Tom & Jerry","Comédie, Familial, Animation","Recherche par Nom",04/05/2021,13:57:37
"Justice Society : World War II","Animation, Guerre, Science-Fiction","Recherche par Nom",04/05/2021,13:57:57
"Tom & Jerry","Comédie, Familial, Animation","Recherche par Nom",04/05/2021,13:58:57
"Tom & Jerry","Comédie, Familial, Animation","Recherche par Nom",04/05/2021,13:59:06
"Tom & Jerry","Comédie, Familial, Animation","Recherche par Nom",04/05/2021,13:59:41
"Tom & Jerry","Comédie, Familial, Animation","Recherche par Nom",04/05/2021,13:59:42
"Tom & Jerry","Comédie, Familial, Animation","Recherche par Nom",04/05/2021,14:02:18
"Tom & Jerry","Comédie, Familial, Animation","Recherche par Nom",04/05/2021,14:17:27
"Tom & Jerry","Comédie, Familial, Animation","Recherche par Nom",04/05/2021,14:17:28
"Tom et Jerry - La course de l'année","Familial, Animation, Comédie, Action, Aventure","Recherche par Nom",04/05/2021,14:26:20
"Tom & Jerry","Comédie, Familial, Animation","Recherche par Nom",04/05/2021,14:29:33
"Harry Potter à l'école des sorciers","Aventure, Fantastique","Recherche par Nom",04/05/2021,14:30:04
"Harry Potter à l'école des sorciers","Aventure, Fantastique","Recherche par Nom",04/05/2021,14:31:25
"Harry Potter à l'école des sorciers","Aventure, Fantastique","Recherche par Nom",04/05/2021,14:32:10
"Tom & Jerry","Comédie, Familial, Animation","Recherche par Nom",04/05/2021,14:32:14
"Tom & Jerry","Comédie, Familial, Animation","Recherche par Nom",04/05/2021,14:33:16
"Tom & Jerry","Comédie, Familial, Animation","Recherche par Nom",04/05/2021,14:33:27
"Tom & Jerry","Comédie, Familial, Animation","Recherche par Nom",04/05/2021,14:37:18
"Tom & Jerry","Comédie, Familial, Animation","Recherche par Nom",04/05/2021,14:37:21
"Tom & Jerry","Comédie, Familial, Animation","Recherche par Nom",04/05/2021,14:37:26
"Tom & Jerry","Comédie, Familial, Animation","Recherche par Nom",04/05/2021,14:41:48
"Tom & Jerry","Comédie, Familial, Animation","Recherche par Nom",04/05/2021,14:42:00
"Harry Potter à l'école des sorciers","Aventure, Fantastique","Recherche par Nom",04/05/2021,14:42:09
"Tom & Jerry","Comédie, Familial, Animation","Recherche par Nom",04/05/2021,14:42:26
"Tom & Jerry","Comédie, Familial, Animation","Recherche par Nom",04/05/2021,14:43:13
"Tom & Jerry","Comédie, Familial, Animation","Recherche par Nom",04/05/2021,14:46:00
"Tom & Jerry","Comédie, Familial, Animation","Recherche par Nom",04/05/2021,14:46:07
"Tom & Jerry","Comédie, Familial, Animation","Recherche par Nom",04/05/2021,14:47:36
"Tom & Jerry","Comédie, Familial, Animation","Recherche par Nom",04/05/2021,14:47:41
"Tom & Jerry","Comédie, Familial, Animation","Recherche par Nom",04/05/2021,15:52:28
"Harry Potter à l'école des sorciers","Aventure, Fantastique","Recherche par Nom",04/05/2021,15:52:41
"Tom & Jerry","Comédie, Familial, Animation","Recherche par Nom",04/05/2021,15:52:45
"Tom & Jerry","Comédie, Familial, Animation","Recherche par Nom",04/05/2021,15:57:33
"Tom & Jerry","Comédie, Familial, Animation","Recherche par Nom",04/05/2021,16:01:34
"Tom & Jerry","Comédie, Familial, Animation","Recherche par Nom",04/05/2021,16:12:04
"Tom & Jerry","Comédie, Familial, Animation","Recherche par Nom",04/05/2021,16:12:48
"Harry Potter à l'école des sorciers","Aventure, Fantastique","Recherche par Nom",04/05/2021,16:13:25
"Tom & Jerry","Comédie, Familial, Animation","Recherche par Nom",04/05/2021,16:13:56
"Tom & Jerry","Comédie, Familial, Animation","Recherche par Nom",04/05/2021,16:16:08
"Tom & Jerry","Comédie, Familial, Animation","Recherche par Nom",04/05/2021,16:16:11
"Tom & Jerry","Comédie, Familial, Animation","Recherche par Nom",04/05/2021,16:16:12
"Tom & Jerry","Comédie, Familial, Animation","Recherche par Nom",04/05/2021,16:17:09
"Tom & Jerry","Comédie, Familial, Animation","Recherche par Nom",04/05/2021,16:17:15
"Tom & Jerry","Comédie, Familial, Animation","Recherche par Nom",04/05/2021,16:20:24
"Tom & Jerry","Comédie, Familial, Animation","Recherche par Nom",04/05/2021,16:20:28
"Tom & Jerry","Comédie, Familial, Animation","Recherche par Nom",04/05/2021,16:21:23
"Tom & Jerry","Comédie, Familial, Animation","Recherche par Nom",05/05/2021,10:01:50
"Tom & Jerry","Comédie, Familial, Animation","Recherche par Nom",05/05/2021,15:36:35
"Tom & Jerry","Comédie, Familial, Animation","Recherche par Nom",05/05/2021,15:36:37
"Les Mitchell contre les machines","Animation, Aventure, Comédie, Familial, Science-Fiction, Action","Recherche par Nom",05/05/2021,15:37:49
"Your Name","Drame, Fantastique, Romance","Recherche par Nom",05/05/2021,16:03:22
"Gabriel's Inferno",Romance,"Recherche par Nom",05/05/2021,16:03:32
"Dans les angles morts","Horreur, Mystère, Drame, Thriller","Recherche par Nom",05/05/2021,16:03:41
"Justice Society : World War II","Animation, Guerre, Science-Fiction","Recherche par Nom",05/05/2021,16:04:47
"Mortal Kombat","Fantastique, Action, Aventure, Science-Fiction, Thriller","Recherche par Nom",05/05/2021,16:04:58
"Harry Potter à l'école des sorciers","Aventure, Fantastique","Recherche par Nom",07/05/2021,13:01:56
"Miraculous World Shanghai, la légende de Ladydragon","Animation, Comédie, Familial, Aventure","Recherche par Nom",07/05/2021,13:06:56
"Mortal Kombat","Action, Fantastique, Aventure, Science-Fiction","Recherche par Nom",07/05/2021,13:07:14
"Mortal Kombat","Action, Fantastique, Aventure, Science-Fiction","Recherche par Nom",07/05/2021,13:07:31
"Mortal Kombat","Action, Fantastique, Aventure, Science-Fiction","Recherche par Nom",07/05/2021,13:07:45
"Mortal Kombat","Action, Fantastique, Aventure, Science-Fiction","Recherche par Nom",07/05/2021,13:08:05
"Mortal Kombat","Action, Fantastique, Aventure, Science-Fiction","Recherche par Nom",07/05/2021,13:08:36
"Demon Slayer : Le train de l'infini","Animation, Action, Aventure, Fantastique, Drame","Recherche par Nom",07/05/2021,15:17:48
"Your Name","Drame, Fantastique, Romance","Recherche par Nom",07/05/2021,15:22:41
"Your Name","Drame, Fantastique, Romance","Recherche par Nom",07/05/2021,15:24:49
"Your Name","Drame, Fantastique, Romance","Recherche par Nom",07/05/2021,15:27:13
"Your Name","Drame, Fantastique, Romance","Recherche par Nom",07/05/2021,15:28:21
"Avengers : Endgame","Aventure, Science-Fiction, Action","Recherche par Nom",07/05/2021,17:40:51
"Avengers : Endgame","Aventure, Science-Fiction, Action","Recherche par Nom",07/05/2021,17:42:36
"Raya et le dernier dragon","Animation, Aventure, Fantastique, Familial, Action","Recherche par Nom",07/05/2021,18:08:40
"Raya et le dernier dragon","Animation, Aventure, Fantastique, Familial, Action","Recherche par Nom",08/05/2021,14:32:27
"Les Mitchell contre les machines","Animation, Aventure, Comédie, Familial, Science-Fiction","Recherche par Nom",08/05/2021,15:38:37
"Les Mitchell contre les machines","Animation, Aventure, Comédie, Familial, Science-Fiction","Recherche par Nom",08/05/2021,15:39:03
"Les Mitchell contre les machines","Animation, Aventure, Comédie, Familial, Science-Fiction","Recherche par Nom",08/05/2021,15:39:07
"Shang-Chi et la Légende des Dix Anneaux","Fantastique, Aventure, Action","Recherche par Nom",08/05/2021,15:40:43
"Mortal Kombat","Action, Fantastique, Aventure, Science-Fiction","Recherche par Nom",08/05/2021,15:42:55
"Shang-Chi et la Légende des Dix Anneaux","Fantastique, Aventure, Action","Recherche par Nom",08/05/2021,15:43:40
"Harry Potter à l'école des sorciers","Aventure, Fantastique","Recherche par Nom",08/05/2021,16:11:13
